{
    "runtime_results": {
        "4": [
            0.5520622730255127,
            0.20485329627990723,
            0.1566166877746582,
            0.17738962173461914,
            0.15144729614257812
        ],
        "9": [
            1.2933685779571533,
            0.8053867816925049,
            0.9160890579223633,
            0.8050129413604736,
            -1.0011188983917236
        ],
        "16": [
            3.437162160873413,
            3.38513445854187,
            2.8255724906921387,
            2.780803918838501,
            2.7768728733062744
        ],
        "25": [
            9.322508573532104,
            6.498067140579224,
            9.77792239189148,
            7.685520648956299,
            10.90392017364502
        ],
        "36": [
            18.612454414367676,
            17.769234657287598,
            19.703096389770508,
            17.304851770401,
            19.539979457855225
        ]
    },
    "mean_times": [
        0.2484738349914551,
        0.5637476921081543,
        3.0411091804504395,
        8.837587785720824,
        18.5859233379364
    ],
    "errors": [
        0.07647664389066401,
        0.40136622250169174,
        0.15153334206302876,
        0.7806959208313671,
        0.47260593351982916
    ],
    "fit_params": {
        "A": 0.006743295463925573,
        "B": 2.210706279310222,
        "A_error": 0.0014808028374547425,
        "B_error": 0.06436619010466703
    }
}