{
    "runtime_results": {
        "4": [
            0.28045177459716797,
            0.20259904861450195,
            0.07511067390441895,
            0.06927084922790527,
            0.16585230827331543
        ],
        "9": [
            1.030818223953247,
            1.0233426094055176,
            0.8768141269683838,
            0.6628167629241943,
            0.8676481246948242
        ],
        "16": [
            6.845881938934326,
            3.0104212760925293,
            2.287304401397705,
            4.0794477462768555,
            3.113358497619629
        ],
        "25": [
            6.600432872772217,
            8.555051565170288,
            12.722780704498291,
            7.93856143951416,
            10.036371946334839
        ],
        "36": [
            20.852197885513306,
            16.63663959503174,
            20.40034008026123,
            16.664275407791138,
            20.343018531799316
        ]
    },
    "mean_times": [
        0.15865693092346192,
        0.8922879695892334,
        3.867282772064209,
        9.170639705657958,
        18.979294300079346
    ],
    "errors": [
        0.03986634907453855,
        0.06703340452405752,
        0.7973710572817275,
        1.0457085340718832,
        0.9548357520698877
    ],
    "fit_params": {
        "A": 0.007285056331527347,
        "B": 2.1978454513258665,
        "A_error": 0.0013558036853363383,
        "B_error": 0.05860550299589701
    }
}