{
    "q0": [
        -5.263435282836165,
        3.8708629236999004
    ],
    "q1": [
        5.308888412322078,
        -3.8564834234200953
    ],
    "q2": [
        2.900420035016867,
        4.14938779569224
    ],
    "q3": [
        -2.9458734242333637,
        -4.163767510670029
    ]
}