{
    "q0": [
        2.2457813573031284,
        12.03867371448833
    ],
    "q1": [
        2.241706094656098,
        4.0990575392137885
    ],
    "q2": [
        -12.012357897067808,
        -3.2511926057339906
    ],
    "q3": [
        -10.421451821673653,
        -9.256780421994918
    ],
    "q4": [
        10.786937876355559,
        -5.564732026117811
    ],
    "q5": [
        -9.67538581119188,
        8.851650514885595
    ],
    "q6": [
        5.9739652623071,
        -1.2167248314446115
    ],
    "q7": [
        -3.2582503131491656,
        7.523595614100719
    ],
    "q8": [
        -5.7546169536894105,
        1.4915331261858604
    ],
    "q9": [
        -4.461179125588734,
        -10.694967704820499
    ],
    "q10": [
        -0.5034950843290626,
        -1.6852366574945137
    ],
    "q11": [
        -11.661884928853873,
        2.751438830923801
    ],
    "q12": [
        -1.9429207058765803,
        -16.062697476486385
    ],
    "q13": [
        1.8468023882042202,
        -7.61728693127524
    ],
    "q14": [
        -5.752437095639584,
        -4.239820996380361
    ],
    "q15": [
        8.661505437052782,
        4.739417050910529
    ]
}