{
    "q0": [
        -2.5351793770334408,
        0.27559939302738523
    ],
    "q1": [
        -2.9286809566954393,
        -2.6576423165238934
    ],
    "q2": [
        -2.226755546230924,
        -5.554343899650092
    ],
    "q3": [
        -5.276866556017103,
        -0.3535580823520714
    ],
    "q4": [
        2.419279312031645,
        -4.150598789687547
    ],
    "q5": [
        2.4102944924866687,
        -0.8368188348178673
    ],
    "q6": [
        0.016585229422881743,
        4.5892511616367875
    ],
    "q7": [
        -4.574464395726511,
        2.075342072389766
    ],
    "q8": [
        2.7676808216861044,
        1.7152536638913172
    ],
    "q9": [
        5.019567391883241,
        -0.7909835775854246
    ],
    "q10": [
        -0.26981893868827656,
        -3.8978402253366324
    ],
    "q11": [
        0.5821834196527622,
        -6.373392964243579
    ],
    "q12": [
        2.6852564893522626,
        4.346541936379073
    ],
    "q13": [
        -0.07181298226679353,
        1.1026014349381468
    ],
    "q14": [
        -0.06308697030809277,
        -1.397461733846075
    ],
    "q15": [
        -1.9846731332334047,
        2.897986840980673
    ]
}