{
    "q0": [
        0.5975270680374725,
        3.2848947555058725
    ],
    "q1": [
        -0.9135936442573032,
        -3.3433669936901964
    ],
    "q2": [
        -1.6838403826509252,
        -1.5001701794861821
    ],
    "q3": [
        4.48743273979467,
        5.43756034184851
    ],
    "q4": [
        -1.7189829738313644,
        -5.786534815070748
    ],
    "q5": [
        -5.521029334090716,
        4.9044429616279
    ],
    "q6": [
        4.779332731808665,
        2.8902506073136482
    ],
    "q7": [
        1.815294223015976,
        1.9660535753398554
    ],
    "q8": [
        -1.152687056345946,
        -9.925312491459
    ],
    "q9": [
        -3.940760861655674,
        2.2692128347846774
    ],
    "q10": [
        -2.0101785209716,
        0.6305501530773232
    ],
    "q11": [
        -0.03018149869979142,
        -5.065491083440758
    ],
    "q12": [
        3.4892678990074337,
        7.7546660458055285
    ],
    "q13": [
        3.9137160179880173,
        9.857641029121556
    ],
    "q14": [
        -4.063289455211713,
        -0.0756222763099279
    ],
    "q15": [
        -2.029707603682473,
        3.547807281063349
    ],
    "q16": [
        -7.2019241166390096,
        -0.0544978101923064
    ],
    "q17": [
        -0.8930375407132409,
        -7.740112565192682
    ],
    "q18": [
        0.9596799521964083,
        7.335879460755876
    ],
    "q19": [
        -5.318778586034469,
        12.688707845685585
    ],
    "q20": [
        -0.039070097432130774,
        -0.3042365215129156
    ],
    "q21": [
        0.7515656883019637,
        -2.1635965492389673
    ],
    "q22": [
        6.24716455006358,
        -0.3422824647633915
    ],
    "q23": [
        15.842965548412927,
        5.982531917848657
    ],
    "q24": [
        -0.01808087067649051,
        1.4955964205370655
    ],
    "q25": [
        8.327133119820779,
        -0.26288813193121907
    ],
    "q26": [
        3.717491141802199,
        0.8200125808364631
    ],
    "q27": [
        3.600130181407284,
        -1.196021166851506
    ],
    "q28": [
        2.5354973736680204,
        -3.0993244602696617
    ],
    "q29": [
        0.348813908926344,
        5.094420190988579
    ],
    "q30": [
        13.281192658951575,
        2.894865582002666
    ],
    "q31": [
        1.8189019846266001,
        -0.24615665642477746
    ],
    "q32": [
        12.240689537045881,
        5.590998386221941
    ],
    "q33": [
        4.819928828018185,
        -5.086047967889636
    ],
    "q34": [
        -3.790274921708736,
        -2.1449902011987785
    ],
    "q35": [
        2.2967231217604738,
        5.530798140278925
    ]
}