{
    "q0": [
        0.6666617376271999,
        6.92316577191795
    ],
    "q1": [
        -3.03396787748387,
        1.023006671800207
    ],
    "q2": [
        6.815778437880724,
        9.862203804783089
    ],
    "q3": [
        4.087415521241761,
        0.41715341024954555
    ],
    "q4": [
        10.400412845640048,
        3.6422935414528665
    ],
    "q5": [
        3.688042365096082,
        -6.612119950561334
    ],
    "q6": [
        -3.325027598073249,
        -5.998594907111777
    ],
    "q7": [
        -10.07470188152995,
        -0.0035663284450765586
    ],
    "q8": [
        -6.52404088118064,
        7.251988031244791
    ]
}