{
    "q0": [
        1.9113085868865758,
        -4.601992571745471
    ],
    "q1": [
        -4.20535344335776,
        0.4066987985121707
    ],
    "q2": [
        -2.3507662005456655,
        -1.7849175689877623
    ],
    "q3": [
        2.457351718561431,
        1.2573928394123788
    ],
    "q4": [
        0.0008346951099358348,
        3.465466549051035
    ],
    "q5": [
        3.657507500289854,
        -1.674758373368073
    ],
    "q6": [
        0.6859164002384677,
        -1.9660171034964278
    ],
    "q7": [
        -0.5569102044778108,
        0.5656633968098135
    ],
    "q8": [
        -1.492241586107529,
        -4.536688690248198
    ]
}