{
    "q0": [
        0.8637903483360181,
        -24.33130839598671
    ],
    "q1": [
        -3.562939055212488,
        15.814264395695028
    ],
    "q2": [
        12.567898713964652,
        14.726343660651995
    ],
    "q3": [
        15.176827333127278,
        -4.767974455689439
    ],
    "q4": [
        -10.276579513517428,
        -2.330399074472737
    ],
    "q5": [
        -4.617047072404777,
        -1.5150541357327119
    ],
    "q6": [
        8.78759096082051,
        7.393050022312718
    ],
    "q7": [
        -5.258208235646311,
        8.174871558651274
    ],
    "q8": [
        16.26693179025993,
        1.3662391053955094
    ],
    "q9": [
        6.552539570764264,
        -12.781958161426132
    ],
    "q10": [
        0.45862566552434486,
        20.55494864721196
    ],
    "q11": [
        -10.509318637950786,
        6.239925818986147
    ],
    "q12": [
        10.53004632857856,
        0.05228305870998529
    ],
    "q13": [
        5.724551972383959,
        -2.8297768776506644
    ],
    "q14": [
        0.1368793307269589,
        1.1736176507600913
    ],
    "q15": [
        0.18544698134810145,
        -3.8732947148758896
    ],
    "q16": [
        -1.7593872733894294,
        -8.719120167983103
    ],
    "q17": [
        3.768784486875841,
        -8.061631302349396
    ],
    "q18": [
        5.448570726755686,
        3.3111432673073136
    ],
    "q19": [
        0.7601308010533985,
        6.296463919468078
    ],
    "q20": [
        10.115586992922513,
        -7.414140900541929
    ],
    "q21": [
        -0.2916524519434462,
        11.516270200104449
    ],
    "q22": [
        -16.173950986675663,
        -1.9168620746738352
    ],
    "q23": [
        -7.389094620807122,
        -7.604973207440857
    ],
    "q24": [
        -1.2680376090394885,
        -14.416574225664611
    ]
}