{
    "q0": [
        -2.481376562992418,
        -0.07667164247614085
    ],
    "q1": [
        0.07759535083670899,
        -2.481347242749576
    ],
    "q2": [
        -0.07759516176364523,
        2.4813477299074926
    ],
    "q3": [
        2.481376845586669,
        0.07667196109769148
    ]
}