{
    "q0": [
        2.558342726765785,
        -6.136368530312549
    ],
    "q1": [
        6.027758201782056,
        -23.170269369921527
    ],
    "q2": [
        -20.55915381010449,
        9.44342782660988
    ],
    "q3": [
        -4.158450398410736,
        10.101223796454757
    ],
    "q4": [
        -1.9165547753102423,
        -4.668576571481946
    ],
    "q5": [
        4.840704107318082,
        -1.790336929392569
    ],
    "q6": [
        14.570394191974565,
        0.5502575439766733
    ],
    "q7": [
        -2.8067327315454946,
        -9.202511755812125
    ],
    "q8": [
        5.143898296481725,
        -10.105593674244368
    ],
    "q9": [
        -6.452205042101703,
        32.82463239512991
    ],
    "q10": [
        -0.6456091391454637,
        0.0397631479966335
    ],
    "q11": [
        -10.380957294356687,
        2.0558932078815246
    ],
    "q12": [
        9.749662635974481,
        -0.36228893146259233
    ],
    "q13": [
        -5.415718049891957,
        1.8074309031821532
    ],
    "q14": [
        -11.378115397414732,
        -3.6985706011492905
    ],
    "q15": [
        -8.874456217565545,
        27.970248464630032
    ],
    "q16": [
        -0.5257017905514139,
        18.049023809085305
    ],
    "q17": [
        14.730220525308098,
        -5.097142004229227
    ],
    "q18": [
        -15.877297775952712,
        2.7267919737350184
    ],
    "q19": [
        10.70334529504214,
        4.569338972628238
    ],
    "q20": [
        -5.448800446754035,
        15.588305208136681
    ],
    "q21": [
        13.793910200333258,
        9.114989773454553
    ],
    "q22": [
        7.60183623359849,
        13.013332177185049
    ],
    "q23": [
        5.833665328848493,
        7.172398115669651
    ],
    "q24": [
        9.227746079797537,
        -5.7643349061943105
    ],
    "q25": [
        -6.656848435734268,
        -5.95141886869159
    ],
    "q26": [
        10.38024279097531,
        -10.900903490656518
    ],
    "q27": [
        19.15791239655603,
        1.4027203019746528
    ],
    "q28": [
        5.723585193457751,
        -14.996408420738085
    ],
    "q29": [
        -0.3145047170438491,
        12.919861543420929
    ],
    "q30": [
        -0.45604924260685076,
        -25.292106104774916
    ],
    "q31": [
        -6.01255912034431,
        -17.965878832914342
    ],
    "q32": [
        -7.332201204170815,
        -12.428678406478333
    ],
    "q33": [
        -0.6458327212249282,
        6.023761063835586
    ],
    "q34": [
        -1.0638276578870784,
        -14.115208779983561
    ],
    "q35": [
        3.57560660971342,
        3.0316319964414724
    ]
}