{
    "q0": [
        2.391558380929342,
        4.999448963108203
    ],
    "q1": [
        -5.391769065263094,
        0.555735748745543
    ],
    "q2": [
        4.913928678447183,
        -10.410143777622231
    ],
    "q3": [
        -10.584657359365739,
        -1.7359926718557621
    ],
    "q4": [
        2.985998002248196,
        1.483784811076801
    ],
    "q5": [
        -0.6348888989238202,
        7.227024838920752
    ],
    "q6": [
        -3.0079648015619185,
        7.892922321260716
    ],
    "q7": [
        -1.354342828533503,
        -7.861663444399365
    ],
    "q8": [
        2.489040559197365,
        -3.227369279437564
    ],
    "q9": [
        -1.8370950087175715,
        2.3307517560905042
    ],
    "q10": [
        0.8361495220320209,
        2.5481475041446244
    ],
    "q11": [
        1.0368237748283222,
        0.5492265660492371
    ],
    "q12": [
        -0.007933243614473838,
        -1.273909920276189
    ],
    "q13": [
        -3.4739860964023226,
        10.746689404495783
    ],
    "q14": [
        2.392500277081179,
        -0.9687232037094069
    ],
    "q15": [
        -7.722059510128391,
        -0.32088134245705613
    ],
    "q16": [
        -0.33972257889836643,
        -5.489911708674022
    ],
    "q17": [
        -1.3296478693454554,
        9.50220575057871
    ],
    "q18": [
        -3.1226683208370574,
        0.24474209013739867
    ],
    "q19": [
        -2.187466885363392,
        -4.189660558491397
    ],
    "q20": [
        -1.0311915042326971,
        0.4775179577534303
    ],
    "q21": [
        -2.8390226482888514,
        5.48949035551771
    ],
    "q22": [
        4.784247912065458,
        -0.7674648525990222
    ],
    "q23": [
        0.02547050745882195,
        -9.592336533442268
    ],
    "q24": [
        0.08366174402670343,
        -3.393996436795108
    ]
}